class,precision,recall,f1,support,false_positive,false_negative
machinery_fault,0.9523809523809523,0.8888888888888888,0.9195402298850575,45,2,5
glass_breaking,0.84,0.9333333333333333,0.8842105263157894,45,8,3
alarm_siren,0.8,0.8,0.8,45,9,9
vehicle_horn,0.782608695652174,0.8,0.7912087912087912,45,10,9
animal_sound,0.8723404255319149,0.9111111111111111,0.8913043478260869,45,6,4
gunshot,0.875,0.9333333333333333,0.9032258064516129,45,6,3
panic_scream,0.8333333333333334,0.8888888888888888,0.8602150537634409,45,8,5
aggression,0.9069767441860465,0.8666666666666667,0.8863636363636364,45,4,6
person_asking_for_help,0.9846153846153847,0.9696969696969697,0.9770992366412213,66,1,2
background_noise,0.7567567567567568,0.6222222222222222,0.6829268292682927,45,9,17
